Angle1,Angle2,State,Result,
81,66,2,0,
81,66,3,0,
81,66,3,0,
313,24,1,-10.8009586334229,
313,24,1,-10.8009586334229,
313,24,1,-10.8009586334229,
313,24,1,-10.8009586334229,
313,24,1,-10.8009586334229,
313,24,2,-10.8009586334229,
313,24,2,-10.8009586334229,
313,24,3,-10.8009586334229,
49.28,340,1,5.58117723464966,
49.28,340,2,5.58117723464966,
49.28,340,2,5.58117723464966,
49.28,340,2,5.58117723464966,
49.28,340,2,5.58117723464966,
49.28,340,3,5.58117723464966,
49.28,340,3,5.58117723464966,
