Angle1,Angle2,State,Result,
82,74,2,0,
82,74,3,0,
41,19,1,-8.87673664093018,
41,19,1,-8.87673664093018,
41,19,2,-8.87673664093018,
41,19,2,-8.87673664093018,
41,19,3,-8.87673664093018,
41,19,3,-8.87673664093018,
41,19,3,-8.87673664093018,
41,19,3,-8.87673664093018,
49.28,340,1,8.39129447937012,
49.28,340,2,8.39129447937012,
49.28,340,2,8.39129447937012,
49.28,340,2,8.39129447937012,
49.28,340,2,8.39129447937012,
49.28,340,3,8.39129447937012,
49.28,340,3,8.39129447937012,
